{"chunk_definitions":[{"row":33,"row_count":1,"visible":true,"expansion_state":0,"options":{"engine":"r","label":"setup","include":false},"document_id":"42DFD228","chunk_id":"csetup_chunk","chunk_label":"chunk1"},{"row":46,"row_count":1,"visible":true,"expansion_state":1,"options":{"engine":"r","label":"cars"},"document_id":"42DFD228","chunk_id":"c2bdotsqm2vco","chunk_label":"cars"},{"row":191,"row_count":1,"visible":true,"expansion_state":0,"options":{"engine":"r","label":"chunk1","include":false},"document_id":"42DFD228","chunk_id":"csetup_chunk","chunk_label":"confinguracao"},{"row":231,"row_count":1,"visible":true,"expansion_state":0,"options":{"engine":"r","label":"unnamed-chunk-118"},"document_id":"42DFD228","chunk_id":"cp2csjcq81rbp","chunk_label":"unnamed-chunk-1"},{"row":328,"row_count":1,"visible":true,"expansion_state":0,"options":{"engine":"r","label":"setup4","include":false},"document_id":"42DFD228","chunk_id":"cfzqcdvzh3rhn","chunk_label":"setup4"}],"doc_write_time":1682323408,"working_dir":null,"default_chunk_options":{},"chunk_rendered_width":700}